cif_file,refcode,low_coordination_environments
ABINIM.cif,ABINIM,CN=1 [O1]
ADASOP.cif,ADASOP,CN=1 [O1]
ADECEU.cif,ADECEU,CN=1 [N1]; CN=1 [O1]
ADUROI.cif,ADUROI,CN=1 [N1]; CN=1 [O1]; CN=3 [N1O2]
AFAFEW.cif,AFAFEW,CN=1 [N1]; CN=1 [O1]
AFEGIE.cif,AFEGIE,CN=1 [O1]; CN=3 [O3]
AFITEP.cif,AFITEP,CN=1 [N1]; CN=1 [O1]
AMILOY.cif,AMILOY,CN=1 [N1]; CN=1 [O1]
AMILUE.cif,AMILUE,CN=1 [N1]; CN=1 [O1]
AMIMAL.cif,AMIMAL,CN=1 [N1]; CN=1 [O1]
AMOYOR.cif,AMOYOR,CN=1 [N1]; CN=1 [O1]
AMUPOP.cif,AMUPOP,CN=1 [N1]; CN=1 [O1]
APUVIS.cif,APUVIS,CN=1 [N1]; CN=1 [O1]
AQAJEI.cif,AQAJEI,CN=1 [N1]; CN=1 [O1]
AQEQIW.cif,AQEQIW,CN=1 [O1]
AROHOH.cif,AROHOH,CN=1 [O1]
ASINAT.cif,ASINAT,CN=1 [N1]; CN=1 [O1]
ASUJIJ.cif,ASUJIJ,CN=1 [N1]; CN=1 [O1]
ASUWUI.cif,ASUWUI,CN=1 [N1]; CN=1 [O1]; CN=3 [N2O1]
ATOWIQ.cif,ATOWIQ,CN=1 [O1]
ATOWOW.cif,ATOWOW,CN=1 [O1]
ATOWUE.cif,ATOWUE,CN=1 [O1]; CN=3 [N1O2]
ATULIM.cif,ATULIM,CN=1 [O1]; CN=3 [N1O2]
AVAYEE.cif,AVAYEE,CN=1 [N1]
AVEQID.cif,AVEQID,CN=1 [O1]; CN=3 [O3]
AVESOL.cif,AVESOL,CN=1 [O1]
AVETAY.cif,AVETAY,CN=1 [O1]; CN=3 [O3]
AVIMIC.cif,AVIMIC,CN=1 [O1]
AVIMOI.cif,AVIMOI,CN=1 [O1]; CN=3 [O3]
AWAJIT.cif,AWAJIT,CN=1 [N1]; CN=1 [O1]
AWEDOW.cif,AWEDOW,CN=1 [N1]; CN=3 [N1O2]
AWEDUC.cif,AWEDUC,CN=1 [N1]
AZIXUD.cif,AZIXUD,CN=1 [O1]; CN=3 [O3]
AZOHEC.cif,AZOHEC,CN=1 [N1]; CN=1 [O1]
BAFVOX.cif,BAFVOX,CN=1 [N1]; CN=1 [O1]
BARZAW.cif,BARZAW,CN=1 [O1]
BAVSOJ.cif,BAVSOJ,CN=1 [O1]; CN=3 [N1O2]
BAYREB.cif,BAYREB,CN=1 [N1]; CN=1 [O1]; CN=3 [N1O2]
BECSUA.cif,BECSUA,CN=1 [N1]; CN=1 [O1]
BECTAH.cif,BECTAH,CN=1 [O1]
BENXUP.cif,BENXUP,CN=1 [N1]; CN=1 [O1]
BEPLUF.cif,BEPLUF,CN=1 [N1]; CN=1 [O1]
BEPMAM.cif,BEPMAM,CN=1 [N1]; CN=1 [O1]
BEPMIU.cif,BEPMIU,CN=1 [O1]
BEPNIV.cif,BEPNIV,CN=1 [O1]
BEPNOB.cif,BEPNOB,CN=1 [N1]; CN=1 [O1]
BEPNUH.cif,BEPNUH,CN=1 [N1]; CN=1 [O1]
BEPPAP.cif,BEPPAP,CN=1 [N1]; CN=1 [O1]
BEPPIX.cif,BEPPIX,CN=1 [O1]
BEPPOD.cif,BEPPOD,CN=1 [N1]; CN=1 [O1]
BIBBUL.cif,BIBBUL,CN=1 [N1]; CN=1 [O1]
BIBQOV.cif,BIBQOV,CN=1 [O1]; CN=3 [O3]
BICKIL.cif,BICKIL,CN=1 [N1]
BIGWOG.cif,BIGWOG,CN=1 [O1]; CN=3 [O3]
BINRUN.cif,BINRUN,CN=1 [O1]
BOCLAJ.cif,BOCLAJ,CN=1 [O1]
BOFCEG.cif,BOFCEG,CN=1 [N1]; CN=1 [O1]
BOMCOX.cif,BOMCOX,CN=1 [N1]; CN=1 [O1]
BONWIL.cif,BONWIL,CN=1 [O1]
BORLEC.cif,BORLEC,CN=1 [N1]; CN=1 [O1]; CN=3 [N1O2]
BOWQAG.cif,BOWQAG,CN=1 [N1]
BOWZUK.cif,BOWZUK,CN=1 [N1]; CN=3 [N3]
BOXBAT.cif,BOXBAT,CN=1 [N1]
BOYLIN.cif,BOYLIN,CN=1 [N1]; CN=1 [O1]; CN=3 [N2O1]
BOZFIH.cif,BOZFIH,CN=1 [N1]; CN=1 [O1]
BUCXUT.cif,BUCXUT,CN=1 [N1]; CN=1 [S1]
BUKMUQ.cif,BUKMUQ,CN=1 [N1]; CN=1 [O1]; CN=3 [N1O2]
BUQROX.cif,BUQROX,CN=1 [N1]; CN=1 [O1]
BUQRUD.cif,BUQRUD,CN=1 [N1]; CN=1 [O1]
BUQSAK.cif,BUQSAK,CN=1 [N1]; CN=1 [O1]
BUQSIS.cif,BUQSIS,CN=1 [N1]; CN=1 [O1]
BUQSUE.cif,BUQSUE,CN=1 [N1]; CN=1 [O1]
BUYNAL.cif,BUYNAL,CN=1 [N1]
CACBUG.cif,CACBUG,CN=1 [N1]; CN=1 [O1]
CADCOD.cif,CADCOD,CN=1 [N1]; CN=1 [O1]
CADCUJ.cif,CADCUJ,CN=1 [O1]
CADPII.cif,CADPII,CN=1 [O1]; CN=3 [O3]
CAQPUI.cif,CAQPUI,CN=1 [O1]; CN=3 [O3]
CAVFAJ.cif,CAVFAJ,CN=1 [O1]
CAVFEN.cif,CAVFEN,CN=1 [N1]; CN=1 [O1]
CAVMOD.cif,CAVMOD,CN=1 [N1]; CN=1 [O1]; CN=3 [O3]
CAVRAU.cif,CAVRAU,CN=1 [N1]; CN=1 [O1]
CAVREY.cif,CAVREY,CN=1 [N1]; CN=1 [O1]
CAWVIH.cif,CAWVIH,CN=1 [O1]
CAXZEK.cif,CAXZEK,CN=1 [O1]
CAXZIO.cif,CAXZIO,CN=1 [N1]; CN=1 [O1]
CEFKAC.cif,CEFKAC,CN=1 [N1]
CEHKOT.cif,CEHKOT,CN=1 [N1]; CN=1 [O1]
CEPYOP.cif,CEPYOP,CN=1 [O1]
CEQBUV.cif,CEQBUV,CN=1 [O1]
CESQUP.cif,CESQUP,CN=1 [O1]
CEVDUF.cif,CEVDUF,CN=1 [O1]
CEWZAI.cif,CEWZAI,CN=1 [N1]; CN=1 [O1]
CEZFIY.cif,CEZFIY,CN=1 [N1]; CN=1 [O1]
CIFSOD.cif,CIFSOD,CN=1 [N1]; CN=1 [O1]
CIFSUJ.cif,CIFSUJ,CN=1 [N1]; CN=1 [O1]
CIGBUT.cif,CIGBUT,CN=1 [N1]; CN=1 [O1]
CIGCAA.cif,CIGCAA,CN=1 [N1]; CN=1 [O1]
CIGCEE.cif,CIGCEE,CN=1 [N1]; CN=1 [O1]
CIGCII.cif,CIGCII,CN=1 [N1]; CN=1 [O1]
CIGCOO.cif,CIGCOO,CN=1 [N1]; CN=1 [O1]
CIGCUU.cif,CIGCUU,CN=1 [N1]; CN=1 [O1]
CIGDAB.cif,CIGDAB,CN=1 [N1]; CN=1 [O1]
CIGDEF.cif,CIGDEF,CN=1 [N1]; CN=1 [O1]
CIGDOP.cif,CIGDOP,CN=1 [N1]; CN=1 [O1]
CIGFAD.cif,CIGFAD,CN=1 [N1]; CN=1 [O1]
CIGFEH.cif,CIGFEH,CN=1 [N1]; CN=1 [O1]
CIGFIL.cif,CIGFIL,CN=1 [N1]; CN=1 [O1]
CIGFOR.cif,CIGFOR,CN=1 [N1]; CN=1 [O1]
CIGFUX.cif,CIGFUX,CN=1 [N1]; CN=1 [O1]
CIGGAE.cif,CIGGAE,CN=1 [N1]; CN=1 [O1]
CIGGEI.cif,CIGGEI,CN=1 [N1]; CN=1 [O1]
CIGGIM.cif,CIGGIM,CN=1 [N1]; CN=1 [O1]
CIGHAF.cif,CIGHAF,CN=1 [N1]; CN=1 [O1]
CIGHEJ.cif,CIGHEJ,CN=1 [N1]; CN=1 [O1]
CIMFOV.cif,CIMFOV,CN=1 [N1]
CIRCOZ.cif,CIRCOZ,CN=1 [N1]; CN=1 [O1]
CIRDAM.cif,CIRDAM,CN=1 [N1]; CN=1 [O1]
CIRDIU.cif,CIRDIU,CN=1 [N1]; CN=1 [O1]
CIRDUG.cif,CIRDUG,CN=1 [N1]; CN=1 [O1]
CIRFAO.cif,CIRFAO,CN=1 [N1]; CN=1 [O1]
CIRFIW.cif,CIRFIW,CN=1 [N1]; CN=1 [O1]
CIRFUI.cif,CIRFUI,CN=1 [N1]; CN=1 [O1]
CIRGAP.cif,CIRGAP,CN=1 [N1]; CN=1 [O1]
CIRSAB.cif,CIRSAB,CN=1 [N1]; CN=1 [O1]
CIRSEF.cif,CIRSEF,CN=1 [N1]; CN=1 [O1]
CIWDIY.cif,CIWDIY,CN=1 [N1]; CN=1 [O1]
CIWRAC.cif,CIWRAC,CN=1 [N1]
CIWREG.cif,CIWREG,CN=1 [N1]
CIWRIK.cif,CIWRIK,CN=1 [N1]
CIWROQ.cif,CIWROQ,CN=1 [N1]
CIWROT.cif,CIWROT,CN=1 [O1]
CIWRUW.cif,CIWRUW,CN=1 [N1]
CIWSAD.cif,CIWSAD,CN=1 [N1]
CIXBUH.cif,CIXBUH,CN=1 [N1]
CIXCAO.cif,CIXCAO,CN=1 [N1]
CIXDIZ.cif,CIXDIZ,CN=1 [N1]; CN=3 [N3]
CIYHOK.cif,CIYHOK,CN=1 [O1]
CIZMIJ.cif,CIZMIJ,CN=1 [N1]
CODKUE.cif,CODKUE,CN=1 [O1]
CODSOF.cif,CODSOF,CN=1 [N1]; CN=1 [O1]
COGNAO.cif,COGNAO,CN=1 [O1]
COKNAT.cif,COKNAT,CN=1 [O1]; CN=3 [O3]
COKPUP.cif,COKPUP,CN=1 [O1]; CN=3 [O3]
COKQOK.cif,COKQOK,CN=1 [O1]; CN=3 [O3]
COMZAH.cif,COMZAH,CN=1 [N1]; CN=1 [O1]
COTYER.cif,COTYER,CN=1 [O1]
COWPOU.cif,COWPOU,CN=1 [N1]; CN=1 [O1]
CUCTAX.cif,CUCTAX,CN=1 [N1]; CN=1 [O1]
CUGFAN.cif,CUGFAN,CN=1 [N1]
CUQRIR.cif,CUQRIR,CN=1 [N1]; CN=1 [O1]
CUQRUD.cif,CUQRUD,CN=1 [N1]
CUYHIO.cif,CUYHIO,CN=1 [N1]; CN=1 [O1]
CUYQIX.cif,CUYQIX,CN=1 [N1]; CN=1 [O1]
CUYRUK.cif,CUYRUK,CN=1 [N1]; CN=1 [O1]
CUYVOI.cif,CUYVOI,CN=1 [N1]; CN=1 [O1]
DAFSEL.cif,DAFSEL,CN=1 [N1]; CN=1 [O1]
DAFSOV.cif,DAFSOV,CN=1 [N1]; CN=1 [O1]
DAFTIQ.cif,DAFTIQ,CN=1 [N1]; CN=1 [O1]
DAMDUT.cif,DAMDUT,CN=1 [N1]
DARQOF.cif,DARQOF,CN=1 [O1]
DAWCIP.cif,DAWCIP,CN=1 [O1]; CN=3 [O3]
DAZPED.cif,DAZPED,CN=1 [O1]
DECCUM.cif,DECCUM,CN=1 [N1]
DEDGIF.cif,DEDGIF,CN=1 [N1]; CN=1 [O1]
DEJJIN.cif,DEJJIN,CN=1 [O1]; CN=3 [O3]
DEVWOT.cif,DEVWOT,CN=1 [N1]; CN=1 [O1]; CN=3 [N1O2]
DIDDOK.cif,DIDDOK,CN=1 [N1]; CN=1 [O1]
DIFXOJ.cif,DIFXOJ,CN=1 [O1]
DITTEH.cif,DITTEH,CN=1 [O1]; CN=3 [O3]
DITXOU.cif,DITXOU,CN=1 [O1]
DOGZIJ.cif,DOGZIJ,CN=1 [N1]; CN=1 [O1]
DOHNUL.cif,DOHNUL,CN=1 [N1]
DOLCIT.cif,DOLCIT,CN=1 [N1]
DONXOV.cif,DONXOV,CN=1 [N1]; CN=1 [O1]
DOPNOO.cif,DOPNOO,CN=1 [N1]
DOXGAB.cif,DOXGAB,CN=1 [N1]; CN=1 [O1]
DOYHOQ.cif,DOYHOQ,CN=1 [O1]; CN=3 [O3]
DOYHUW.cif,DOYHUW,CN=1 [O1]
DUPKAC.cif,DUPKAC,CN=1 [O1]
DUPMIN.cif,DUPMIN,CN=1 [N1]; CN=3 [N3]
DUPVER.cif,DUPVER,CN=1 [O1]; CN=3 [N1O2]
DURDIF.cif,DURDIF,CN=1 [O1]
DUWFOS.cif,DUWFOS,CN=1 [N1]
EBISAM.cif,EBISAM,CN=1 [N1]; CN=1 [O1]
EBOBIJ.cif,EBOBIJ,CN=1 [N1]; CN=1 [O1]
EBOCOQ.cif,EBOCOQ,CN=1 [N1]
ECAHAT.cif,ECAHAT,CN=1 [N1]
ECASAD.cif,ECASAD,CN=1 [O1]
ECIWOC.cif,ECIWOC,CN=1 [N1]; CN=1 [O1]
ECUHES.cif,ECUHES,CN=1 [N1]; CN=1 [O1]
EDUSIF.cif,EDUSIF,CN=1 [O1]
EDUTIG.cif,EDUTIG,CN=1 [O1]
EDUVOO.cif,EDUVOO,CN=1 [O1]
EDUWAB.cif,EDUWAB,CN=1 [O1]
EFESEP.cif,EFESEP,CN=1 [O1]; CN=3 [O3]
EFUTEH.cif,EFUTEH,CN=1 [N1]; CN=1 [O1]
EGEJIK.cif,EGEJIK,CN=1 [O1]
ELIYUU.cif,ELIYUU,CN=1 [O1]
ELUQIM.cif,ELUQIM,CN=1 [O1]
EMAPAK.cif,EMAPAK,CN=1 [N1]
EMOFIX.cif,EMOFIX,CN=1 [N1]; CN=1 [O1]
ENECIM.cif,ENECIM,CN=1 [O1]
EQEROJ.cif,EQEROJ,CN=1 [N1]; CN=1 [O1]
EQUYOH.cif,EQUYOH,CN=1 [O1]
ERULEK.cif,ERULEK,CN=1 [N1]; CN=1 [O1]
ESARAT.cif,ESARAT,CN=1 [O1]
ESAROH.cif,ESAROH,CN=1 [O1]
ESARUN.cif,ESARUN,CN=1 [N1]; CN=1 [O1]; CN=3 [N1O2]
ESASAU.cif,ESASAU,CN=1 [O1]
ESEDIQ.cif,ESEDIQ,CN=1 [O1]
ESEVIH.cif,ESEVIH,CN=1 [O1]
ESIGES.cif,ESIGES,CN=1 [O1]
ETIXEM.cif,ETIXEM,CN=1 [N1]; CN=1 [O1]
ETIXIQ.cif,ETIXIQ,CN=1 [O1]
EWESAC.cif,EWESAC,CN=1 [N1]; CN=1 [O1]
EWESOP.cif,EWESOP,CN=1 [O1]
EWIDUK.cif,EWIDUK,CN=1 [N1]
EWUKIS.cif,EWUKIS,CN=1 [O1]
EZUCIM.cif,EZUCIM,CN=1 [N1]; CN=1 [O1]
EZUPUM.cif,EZUPUM,CN=1 [N1]; CN=1 [O1]
FABFOF.cif,FABFOF,CN=1 [O1]
FAFJIH.cif,FAFJIH,CN=1 [N1]; CN=1 [O1]
FAHPOV.cif,FAHPOV,CN=1 [O1]
FALROB.cif,FALROB,CN=1 [N1]
FAQDOU.cif,FAQDOU,CN=1 [O1]; CN=3 [O3]
FAQVEA.cif,FAQVEA,CN=1 [N1]; CN=1 [O1]
FARFUA.cif,FARFUA,CN=1 [N1]
FASQUN.cif,FASQUN,CN=1 [O1]
FAWCEN.cif,FAWCEN,CN=1 [N1]
FAYPAY.cif,FAYPAY,CN=1 [N1]
FAYPIG.cif,FAYPIG,CN=1 [N1]
FECWOB.cif,FECWOB,CN=1 [N1]; CN=1 [O1]
FECYUJ.cif,FECYUJ,CN=1 [O1]
FECZAQ.cif,FECZAQ,CN=1 [O1]
FEFDEB.cif,FEFDEB,CN=1 [N1]; CN=1 [O1]
FEGNIQ.cif,FEGNIQ,CN=1 [N1]; CN=1 [O1]
FENVOL.cif,FENVOL,CN=1 [O1]
FERCEN.cif,FERCEN,CN=1 [O1]
FERCOX.cif,FERCOX,CN=1 [O1]; CN=3 [O3]
FESBEM.cif,FESBEM,CN=1 [O1]
FESTEG.cif,FESTEG,CN=1 [N1]; CN=1 [O1]
FIDMEL.cif,FIDMEL,CN=1 [O1]; CN=3 [O3]
FIFPES.cif,FIFPES,CN=1 [N1]
FIJCUX.cif,FIJCUX,CN=1 [O1]; CN=3 [O3]
FIJDOS.cif,FIJDOS,CN=1 [O1]; CN=3 [O3]
FIPKEX.cif,FIPKEX,CN=1 [N1]
FIPWOS.cif,FIPWOS,CN=1 [N1]; CN=1 [O1]
FIPXAF.cif,FIPXAF,CN=1 [N1]; CN=1 [O1]
FIPXEJ.cif,FIPXEJ,CN=1 [N1]; CN=1 [O1]
FIQZAH.cif,FIQZAH,CN=1 [O1]; CN=3 [O3]
FITCUJ.cif,FITCUJ,CN=1 [N1]; CN=1 [O1]
FITDAQ.cif,FITDAQ,CN=1 [N1]; CN=1 [O1]
FITDEU.cif,FITDEU,CN=1 [N1]; CN=1 [O1]
FITDOE.cif,FITDOE,CN=1 [N1]; CN=1 [O1]
FITDUK.cif,FITDUK,CN=1 [N1]; CN=1 [O1]
FITFIA.cif,FITFIA,CN=1 [N1]; CN=1 [O1]
FIZPOV.cif,FIZPOV,CN=1 [O1]; CN=3 [O3]
FIZPUB.cif,FIZPUB,CN=1 [O1]; CN=3 [O3]
FOJLOH.cif,FOJLOH,CN=1 [O1]; CN=3 [O3]
FOJVUX.cif,FOJVUX,CN=1 [N1]
FOMWOV.cif,FOMWOV,CN=1 [O1]
FONPUV.cif,FONPUV,CN=1 [O1]; CN=3 [O3]
FOTBOI.cif,FOTBOI,CN=3 [O3]
FOXHAE.cif,FOXHAE,CN=1 [O1]
FOZJAI.cif,FOZJAI,CN=1 [N1]; CN=1 [O1]
FUBDAI.cif,FUBDAI,CN=1 [N1]
FUBDEM.cif,FUBDEM,CN=1 [N1]
FUBDIQ.cif,FUBDIQ,CN=1 [N1]
FUBNOH.cif,FUBNOH,CN=1 [O1]
FUDGES.cif,FUDGES,CN=1 [O1]; CN=3 [O3]
FUDYUB.cif,FUDYUB,CN=1 [O1]; CN=3 [O3]
FULWAN.cif,FULWAN,CN=0 [None]; CN=1 [O1]
FUNLAD.cif,FUNLAD,CN=1 [N1]; CN=1 [O1]
FURFOP.cif,FURFOP,CN=1 [N1]; CN=1 [O1]
FUTYEA.cif,FUTYEA,CN=1 [O1]
FUTZAX.cif,FUTZAX,CN=1 [O1]
FUTZEB.cif,FUTZEB,CN=1 [O1]
FUTZIF.cif,FUTZIF,CN=1 [O1]; CN=3 [O3]
FUTZOL.cif,FUTZOL,CN=1 [O1]
FUVGAG.cif,FUVGAG,CN=1 [N1]; CN=1 [O1]
FUWXOL.cif,FUWXOL,CN=1 [N1]
GACPUX.cif,GACPUX,CN=1 [O1]
GACQAE.cif,GACQAE,CN=1 [O1]
GAHWIX.cif,GAHWIX,CN=1 [O1]; CN=3 [O3]
GAJTAQ.cif,GAJTAQ,CN=1 [N1]; CN=1 [O1]
GAJVIY.cif,GAJVIY,CN=1 [O1]
GALCAZ.cif,GALCAZ,CN=1 [O1]
GASSUR.cif,GASSUR,CN=1 [N1]; CN=1 [O1]
GATBUZ.cif,GATBUZ,CN=1 [O1]; CN=3 [O3]
GATSAY.cif,GATSAY,CN=1 [N1]; CN=1 [O1]
GAWMOJ.cif,GAWMOJ,CN=1 [O1]; CN=3 [O3]
GAWQOO.cif,GAWQOO,CN=1 [O1]
GEFTET.cif,GEFTET,CN=1 [O1]
GEGSIY.cif,GEGSIY,CN=1 [N1]
GEGSOE.cif,GEGSOE,CN=1 [N1]
GEGSUK.cif,GEGSUK,CN=1 [N1]
GELJAJ.cif,GELJAJ,CN=1 [N1]; CN=1 [O1]
GERNOI.cif,GERNOI,CN=1 [N1]; CN=1 [O1]
GERVEH.cif,GERVEH,CN=1 [N1]
GEVYEN.cif,GEVYEN,CN=1 [N1]; CN=1 [O1]
GICFIK.cif,GICFIK,CN=1 [O1]
GICTAQ.cif,GICTAQ,CN=1 [O1]
GICTEU.cif,GICTEU,CN=1 [O1]
GIDDAB.cif,GIDDAB,CN=1 [N1]; CN=1 [O1]
GINKUM.cif,GINKUM,CN=1 [N1]; CN=1 [O1]
GIPNIF.cif,GIPNIF,CN=1 [N1]; CN=1 [O1]
GIPNOL.cif,GIPNOL,CN=1 [N1]; CN=1 [O1]; CN=3 [N1O2]
GIRHEW.cif,GIRHEW,CN=1 [N1]; CN=1 [O1]
GIRYEN.cif,GIRYEN,CN=1 [N1]; CN=1 [O1]
GIRYIR.cif,GIRYIR,CN=1 [N1]; CN=1 [O1]
GIRYOX.cif,GIRYOX,CN=1 [N1]; CN=1 [O1]
GIRYUD.cif,GIRYUD,CN=1 [N1]; CN=1 [O1]
GITPIK.cif,GITPIK,CN=1 [O1]; CN=3 [O3]
GITWIQ.cif,GITWIQ,CN=1 [N1]
GIZXET.cif,GIZXET,CN=1 [O1]
GOQSIQ.cif,GOQSIQ,CN=1 [N1]; CN=3 [N3]
GOSKEG.cif,GOSKEG,CN=1 [N1]; CN=1 [O1]
GOVHOQ.cif,GOVHOQ,CN=1 [O1]; CN=3 [O3]
GOVKOU.cif,GOVKOU,CN=1 [O1]
GOXHEJ.cif,GOXHEJ,CN=1 [N1]; CN=1 [O1]
GUCJAQ.cif,GUCJAQ,CN=1 [O1]
GUFXEM.cif,GUFXEM,CN=1 [O1]
GUGNON.cif,GUGNON,CN=1 [O1]
GUGVIQ.cif,GUGVIQ,CN=1 [N1]; CN=1 [O1]
GULPIN.cif,GULPIN,CN=1 [N1]
GUQTOB.cif,GUQTOB,CN=1 [O1]; CN=3 [O3]
GUVBOQ.cif,GUVBOQ,CN=1 [O1]
GUVKUE.cif,GUVKUE,CN=1 [N1]
GUVLAL.cif,GUVLAL,CN=1 [N1]
GUXHIT.cif,GUXHIT,CN=1 [N1]
GUXJAN.cif,GUXJAN,CN=1 [N1]; CN=1 [O1]
HABREJ.cif,HABREJ,CN=1 [N1]; CN=1 [O1]
HABRIN.cif,HABRIN,CN=1 [N1]; CN=1 [O1]
HAFSOZ.cif,HAFSOZ,CN=1 [N1]; CN=1 [O1]; CN=3 [N1O2]
HAFWAO.cif,HAFWAO,CN=1 [O1]
HAMJOW.cif,HAMJOW,CN=1 [O1]
HAMLIT.cif,HAMLIT,CN=1 [N1]; CN=1 [O1]
HAPHUD.cif,HAPHUD,CN=1 [N1]; CN=1 [O1]
HAXCUI.cif,HAXCUI,CN=1 [O1]
HAXJEX.cif,HAXJEX,CN=1 [O1]
HAZGEY.cif,HAZGEY,CN=1 [O1]
HAZLED.cif,HAZLED,CN=1 [N1]; CN=1 [O1]
HEDCAW.cif,HEDCAW,CN=1 [O1]
HEDCEA.cif,HEDCEA,CN=1 [O1]
HEDDON.cif,HEDDON,CN=1 [N1]; CN=3 [N1O2]
HEGJUZ.cif,HEGJUZ,CN=1 [N1]; CN=1 [O1]
HEHVOI.cif,HEHVOI,CN=1 [O1]
HEJNOC.cif,HEJNOC,CN=1 [O1]; CN=3 [O3]
HELDEJ.cif,HELDEJ,CN=1 [N1]; CN=1 [O1]
HENSEB.cif,HENSEB,CN=1 [O1]
HENYUV.cif,HENYUV,CN=1 [O1]; CN=3 [N1O2]
HICVOG.cif,HICVOG,CN=1 [N1]; CN=1 [O1]
HIFGIO.cif,HIFGIO,CN=1 [O1]
HIFWAV.cif,HIFWAV,CN=1 [N1]
HIJSAY.cif,HIJSAY,CN=1 [N1]
HIJSEC.cif,HIJSEC,CN=1 [N1]
HIKMOG.cif,HIKMOG,CN=1 [N1]
HIKMUM.cif,HIKMUM,CN=1 [N1]
HIKNAT.cif,HIKNAT,CN=1 [N1]
HIKNEX.cif,HIKNEX,CN=1 [N1]
HIQNIG.cif,HIQNIG,CN=1 [N1]; CN=1 [O1]
HIWXER.cif,HIWXER,CN=1 [N1]; CN=1 [O1]; CN=3 [N2O1]
HIXJUW.cif,HIXJUW,CN=1 [O1]
HOFMAS.cif,HOFMAS,CN=1 [N1]; CN=1 [O1]
HOKLIE.cif,HOKLIE,CN=1 [O1]
HOWPUF.cif,HOWPUF,CN=1 [N1]; CN=1 [O1]
HUJXUI.cif,HUJXUI,CN=1 [O1]
HUNHUW.cif,HUNHUW,CN=1 [N1]; CN=1 [O1]
HUQHIM.cif,HUQHIM,CN=1 [N1]; CN=1 [O1]; CN=3 [O3]
HUQHOS.cif,HUQHOS,CN=1 [N1]; CN=1 [O1]
HURFEH.cif,HURFEH,CN=1 [N1]; CN=1 [O1]; CN=3 [O3]
HUVHOX.cif,HUVHOX,CN=1 [O1]
IBICAZ.cif,IBICAZ,CN=1 [N1]; CN=1 [O1]
IBICED.cif,IBICED,CN=1 [N1]; CN=1 [O1]
IBICIH.cif,IBICIH,CN=1 [O1]
IBICON.cif,IBICON,CN=1 [N1]; CN=1 [O1]
IBUYAH.cif,IBUYAH,CN=1 [N1]; CN=1 [O1]
ICODIP.cif,ICODIP,CN=1 [O1]
IDIWUN.cif,IDIWUN,CN=1 [O1]; CN=3 [O3]
IDIXAU.cif,IDIXAU,CN=1 [O1]
IDUKOK.cif,IDUKOK,CN=1 [N1]; CN=1 [O1]
IDULIF.cif,IDULIF,CN=1 [N1]; CN=1 [O1]
IFAGON.cif,IFAGON,CN=1 [O1]
IFENOY.cif,IFENOY,CN=1 [N1]; CN=1 [O1]
IFEPUG.cif,IFEPUG,CN=1 [O1]
IFEQAN.cif,IFEQAN,CN=1 [O1]
IFEQIV.cif,IFEQIV,CN=1 [O1]
IGINIX.cif,IGINIX,CN=1 [O1]
IGUFOH.cif,IGUFOH,CN=1 [O1]; CN=3 [O3]
IHABAW.cif,IHABAW,CN=1 [O1]
IHECAB.cif,IHECAB,CN=1 [N1]
IJEXIF.cif,IJEXIF,CN=1 [O1]
IJODES.cif,IJODES,CN=1 [N1]; CN=1 [O1]
ILOJEZ.cif,ILOJEZ,CN=1 [N1]; CN=1 [O1]
ILOVOX.cif,ILOVOX,CN=1 [N1]; CN=1 [O1]
IMACZN.cif,IMACZN,CN=1 [O1]
IMAGAG.cif,IMAGAG,CN=1 [N1]
INARUM.cif,INARUM,CN=1 [N1]; CN=1 [O1]; CN=3 [N2O1]; CN=3 [N3]
IPIJEY.cif,IPIJEY,CN=1 [N1]; CN=1 [O1]
IQEKOG.cif,IQEKOG,CN=1 [N1]
IQEKUM.cif,IQEKUM,CN=1 [N1]
IQOJAB.cif,IQOJAB,CN=1 [N1]; CN=1 [O1]
IQOJEF.cif,IQOJEF,CN=1 [N1]; CN=1 [O1]
IRELAU.cif,IRELAU,CN=1 [O1]; CN=3 [O3]
IRIMOO.cif,IRIMOO,CN=1 [N1]; CN=1 [O1]
ISIMAZ.cif,ISIMAZ,CN=1 [N1]; CN=1 [O1]
ISIWOZ.cif,ISIWOZ,CN=1 [N1]; CN=3 [N3]
ITIPAE.cif,ITIPAE,CN=1 [O1]; CN=3 [O3]
ITOSEQ.cif,ITOSEQ,CN=1 [O1]
IWEJOM.cif,IWEJOM,CN=1 [O1]
IWEJUS.cif,IWEJUS,CN=1 [O1]
IWEKED.cif,IWEKED,CN=1 [O1]; CN=3 [N1O2]
IYOCIK.cif,IYOCIK,CN=1 [N1]
IYOCOQ.cif,IYOCOQ,CN=1 [N1]
IYODAD.cif,IYODAD,CN=1 [N1]
IYOQAQ.cif,IYOQAQ,CN=1 [N1]; CN=1 [O1]
IZEWAN.cif,IZEWAN,CN=1 [O1]
JADJOQ.cif,JADJOQ,CN=1 [O1]
JAMPUL.cif,JAMPUL,CN=1 [N1]
JANQOI.cif,JANQOI,CN=1 [O1]
JASNAT.cif,JASNAT,CN=1 [N1]; CN=1 [O1]
JATSOP.cif,JATSOP,CN=1 [O1]
JAZKII.cif,JAZKII,CN=1 [N1]; CN=1 [O1]
JEDVIA.cif,JEDVIA,CN=1 [O1]; CN=3 [O3]
JENKET.cif,JENKET,CN=1 [O1]
JENKIX.cif,JENKIX,CN=1 [O1]
JICCUW.cif,JICCUW,CN=1 [O1]
JICXIF.cif,JICXIF,CN=1 [N1]; CN=1 [O1]
JIJLIA.cif,JIJLIA,CN=1 [O1]
JIQCUK.cif,JIQCUK,CN=1 [N1]
JITPOS.cif,JITPOS,CN=1 [O1]; CN=3 [O3]
JIVFUQ.cif,JIVFUQ,CN=1 [O1]
JOTXAU.cif,JOTXAU,CN=1 [N1]; CN=1 [O1]
JUCGUL.cif,JUCGUL,CN=1 [O1]
JUJMOS.cif,JUJMOS,CN=1 [O1]
JULGUV.cif,JULGUV,CN=1 [N1]; CN=1 [O1]
JULHAC.cif,JULHAC,CN=1 [N1]; CN=1 [O1]; CN=3 [N1O2]
JULHEG.cif,JULHEG,CN=1 [N1]; CN=1 [O1]; CN=3 [N1O2]
JUWBIO.cif,JUWBIO,CN=1 [N1]
JUYROM.cif,JUYROM,CN=1 [N1]; CN=1 [O1]
KAFTUI.cif,KAFTUI,CN=1 [O1]
KAFYAT.cif,KAFYAT,CN=1 [O1]; CN=3 [O3]
KANDAG.cif,KANDAG,CN=1 [N1]; CN=1 [O1]
KANDIO.cif,KANDIO,CN=1 [N1]; CN=1 [O1]
KAWHEY.cif,KAWHEY,CN=1 [O1]; CN=3 [O3]
KAYJUS.cif,KAYJUS,CN=1 [N1]; CN=1 [O1]
KEDQAN.cif,KEDQAN,CN=1 [O1]
KEFBEE.cif,KEFBEE,CN=1 [O1]
KEFBOO.cif,KEFBOO,CN=1 [O1]
KEJBAG.cif,KEJBAG,CN=1 [O1]
KEJBEK.cif,KEJBEK,CN=1 [O1]; CN=3 [O3]
KEQJEX.cif,KEQJEX,CN=1 [O1]
KEXKAB.cif,KEXKAB,CN=1 [N1]; CN=1 [O1]
KEXKEF.cif,KEXKEF,CN=1 [N1]; CN=1 [O1]
KEXPOU.cif,KEXPOU,CN=1 [N1]; CN=1 [O1]
KIGCEK.cif,KIGCEK,CN=1 [N1]; CN=1 [O1]
KIHMOH.cif,KIHMOH,CN=1 [O1]; CN=3 [O3]
KIMFEV.cif,KIMFEV,CN=1 [N1]
KIRMOR.cif,KIRMOR,CN=1 [N1]; CN=1 [O1]; CN=3 [N1O2]; CN=3 [O3]
KIYQEQ.cif,KIYQEQ,CN=1 [O1]
KIYQIU.cif,KIYQIU,CN=1 [O1]
KIYQOA.cif,KIYQOA,CN=1 [O1]
KOBHER.cif,KOBHER,CN=1 [O1]; CN=3 [N1O2]
KOBKAQ.cif,KOBKAQ,CN=1 [N1]; CN=1 [O1]
KOBKEU.cif,KOBKEU,CN=1 [N1]; CN=1 [O1]
KOBKIY.cif,KOBKIY,CN=1 [N1]; CN=1 [O1]
KOBMIA.cif,KOBMIA,CN=1 [N1]; CN=1 [O1]
KOCWIJ.cif,KOCWIJ,CN=1 [N1]; CN=1 [O1]
KOMCOG.cif,KOMCOG,CN=1 [N1]
KOMGUP.cif,KOMGUP,CN=1 [N1]
KOMHAW.cif,KOMHAW,CN=1 [N1]
KOSZEA.cif,KOSZEA,CN=1 [N1]
KOTSIX.cif,KOTSIX,CN=1 [N1]; CN=1 [O1]; CN=3 [N1O2]
KUJCIE.cif,KUJCIE,CN=1 [O1]; CN=3 [O3]
KUJNOT.cif,KUJNOT,CN=1 [N1]; CN=3 [N3]
KUJNUZ.cif,KUJNUZ,CN=1 [N1]; CN=3 [N3]
KUJZAT.cif,KUJZAT,CN=1 [O1]
KUKHAB.cif,KUKHAB,CN=1 [O1]
KUKZOH.cif,KUKZOH,CN=1 [O1]
KUNQUH.cif,KUNQUH,CN=1 [N1]; CN=1 [O1]
KUNRAO.cif,KUNRAO,CN=1 [N1]; CN=1 [O1]
KUPJIR.cif,KUPJIR,CN=1 [N1]; CN=1 [O1]
KUSTEA.cif,KUSTEA,CN=1 [F1]; CN=1 [N1]
LABGAY.cif,LABGAY,CN=1 [N1]; CN=1 [O1]
LABNOU.cif,LABNOU,CN=1 [N1]
LACJAC.cif,LACJAC,CN=1 [N1]; CN=1 [O1]
LACQIS.cif,LACQIS,CN=1 [N1]; CN=1 [O1]
LAFFEG.cif,LAFFEG,CN=1 [N1]; CN=1 [O1]
LAFJUB.cif,LAFJUB,CN=1 [N1]; CN=1 [O1]
LAGWUN.cif,LAGWUN,CN=1 [O1]; CN=3 [O3]
LAJJAK.cif,LAJJAK,CN=1 [N1]
LAKFIN.cif,LAKFIN,CN=1 [N1]
LATYOX.cif,LATYOX,CN=1 [O1]
LAWFOF.cif,LAWFOF,CN=1 [O1]
LAWFUL.cif,LAWFUL,CN=1 [O1]
LAWGEW.cif,LAWGEW,CN=1 [O1]
LAWGIA.cif,LAWGIA,CN=1 [O1]
LAWGOG.cif,LAWGOG,CN=1 [O1]
LAWGUM.cif,LAWGUM,CN=1 [O1]
LAZJAZ.cif,LAZJAZ,CN=1 [N1]; CN=1 [O1]
LAZJIH.cif,LAZJIH,CN=1 [O1]
LEDLAJ.cif,LEDLAJ,CN=1 [N1]; CN=1 [O1]
LEGGIO.cif,LEGGIO,CN=1 [N1]
LEMMAS.cif,LEMMAS,CN=1 [F1]; CN=1 [N1]
LEVPAF.cif,LEVPAF,CN=1 [O1]; CN=3 [N1O2]
LEZVUL.cif,LEZVUL,CN=1 [N1]; CN=1 [O1]
LICKAL.cif,LICKAL,CN=1 [N1]; CN=1 [O1]
LIFWII.cif,LIFWII,CN=1 [F1]; CN=1 [N1]
LIFWOO.cif,LIFWOO,CN=1 [F1]; CN=1 [N1]
LIKPED.cif,LIKPED,CN=1 [O1]
LIKPIH.cif,LIKPIH,CN=1 [O1]; CN=3 [O3]
LILWIQ.cif,LILWIQ,CN=1 [O1]
LIMGOH.cif,LIMGOH,CN=1 [N1]; CN=1 [O1]
LINQIL.cif,LINQIL,CN=1 [O1]
LIQJEC.cif,LIQJEC,CN=1 [N1]
LISXEU.cif,LISXEU,CN=1 [O1]
LITDAV.cif,LITDAV,CN=1 [O1]; CN=3 [O3]
LIWXIZ.cif,LIWXIZ,CN=1 [N1]; CN=1 [O1]
LODPUR.cif,LODPUR,CN=1 [N1]; CN=1 [O1]
LUFXAO.cif,LUFXAO,CN=1 [O1]
LUGFOL.cif,LUGFOL,CN=1 [O1]
LUNGEJ.cif,LUNGEJ,CN=1 [N1]; CN=1 [O1]
LUTBUA.cif,LUTBUA,CN=1 [O1]; CN=3 [O3]
LUVTAY.cif,LUVTAY,CN=1 [N1]; CN=1 [O1]; CN=3 [O3]
LUZJAT.cif,LUZJAT,CN=1 [O1]; CN=3 [O1Zn2]
MAFLUD.cif,MAFLUD,CN=1 [O1]; CN=3 [N1O2]
MAFMAK.cif,MAFMAK,CN=1 [N1]; CN=1 [O1]
MAGBIH.cif,MAGBIH,CN=1 [O1]; CN=3 [O3]
MAGBON.cif,MAGBON,CN=1 [O1]
MAQBEO.cif,MAQBEO,CN=1 [O1]
MARNUR.cif,MARNUR,CN=1 [O1]
MATVIN.cif,MATVIN,CN=1 [N1]; CN=1 [O1]
MATXAJ.cif,MATXAJ,CN=1 [O1]
MAWTUC.cif,MAWTUC,CN=1 [O1]
MAZSOX.cif,MAZSOX,CN=1 [O1]
MAZSUD.cif,MAZSUD,CN=1 [N1]; CN=1 [O1]
MECWEX.cif,MECWEX,CN=1 [N1]
MEJQEZ.cif,MEJQEZ,CN=1 [N1]; CN=1 [O1]
MEJQID.cif,MEJQID,CN=1 [N1]; CN=1 [O1]
MEJQOJ.cif,MEJQOJ,CN=1 [N1]; CN=1 [O1]
MEMCEQ.cif,MEMCEQ,CN=1 [N1]; CN=1 [O1]
MIDRAT.cif,MIDRAT,CN=1 [N1]
MIGYAF.cif,MIGYAF,CN=1 [O1]; CN=3 [N1O2]
MIHHAN.cif,MIHHAN,CN=1 [N1]
MIHHIV.cif,MIHHIV,CN=1 [N1]
MIMSIM.cif,MIMSIM,CN=1 [N1]; CN=1 [O1]
MIMSOS.cif,MIMSOS,CN=1 [N1]; CN=1 [O1]
MIMSUY.cif,MIMSUY,CN=1 [O1]
MIMVEJ.cif,MIMVEJ,CN=3 [N1O2]
MIQLEE.cif,MIQLEE,CN=1 [O1]; CN=3 [O3]
MIQRAI.cif,MIQRAI,CN=1 [N1]; CN=1 [O1]
MIQSEN.cif,MIQSEN,CN=1 [O1]
MIQSIR.cif,MIQSIR,CN=1 [O1]
MITWAQ.cif,MITWAQ,CN=1 [N1]; CN=1 [O1]
MOGVAG.cif,MOGVAG,CN=1 [N1]
MOMRIR.cif,MOMRIR,CN=1 [N1]; CN=1 [O1]
MOSGIM.cif,MOSGIM,CN=1 [O1]; CN=3 [O3]
MOYMOF.cif,MOYMOF,CN=1 [O1]
MOYPOG.cif,MOYPOG,CN=1 [N1]
MUDKOM.cif,MUDKOM,CN=1 [N1]
MUDTAH.cif,MUDTAH,CN=1 [O1]
MUDTAJ.cif,MUDTAJ,CN=1 [N1]
MUJMUC.cif,MUJMUC,CN=1 [N1]; CN=1 [O1]
MUJNAJ.cif,MUJNAJ,CN=1 [N1]; CN=1 [O1]
MULQOA.cif,MULQOA,CN=1 [O1]
MUNNUF.cif,MUNNUF,CN=1 [N1]; CN=1 [O1]
MUPTAU.cif,MUPTAU,CN=1 [N1]
MUQSAU.cif,MUQSAU,CN=1 [N1]; CN=1 [O1]; CN=3 [N1O2]
MUVLUM.cif,MUVLUM,CN=1 [N1]; CN=1 [O1]
MUZHUL.cif,MUZHUL,CN=1 [O1]
NAHGUB.cif,NAHGUB,CN=1 [N1]; CN=1 [O1]
NANNAU.cif,NANNAU,CN=1 [N1]; CN=1 [O1]
NANNEY.cif,NANNEY,CN=1 [N1]; CN=1 [O1]
NANYUX.cif,NANYUX,CN=1 [O1]
NAPBOY.cif,NAPBOY,CN=1 [N1]
NAQLAT.cif,NAQLAT,CN=1 [O1]
NAVFEY.cif,NAVFEY,CN=1 [N1]; CN=1 [O1]
NAWXER.cif,NAWXER,CN=1 [O1]
NAXLII.cif,NAXLII,CN=1 [N1]; CN=1 [O1]; CN=3 [N1O2]
NEBLOY.cif,NEBLOY,CN=1 [O1]
NEBNOZ.cif,NEBNOZ,CN=1 [N1]; CN=1 [O1]
NEDXOL.cif,NEDXOL,CN=1 [N1]; CN=1 [O1]
NEHZIK.cif,NEHZIK,CN=1 [N1]; CN=1 [O1]
NEKCIS.cif,NEKCIS,CN=1 [N1]; CN=1 [O1]
NEQVOX.cif,NEQVOX,CN=1 [N1]; CN=1 [O1]; CN=3 [O3]
NEVJOP.cif,NEVJOP,CN=1 [N1]; CN=1 [O1]
NEXVET.cif,NEXVET,CN=1 [O1]
NIFREC.cif,NIFREC,CN=1 [N1]
NIFSED.cif,NIFSED,CN=1 [N1]
NIFSUT.cif,NIFSUT,CN=1 [N1]
NIFXIM.cif,NIFXIM,CN=1 [N1]; CN=1 [O1]
NIGNAW.cif,NIGNAW,CN=1 [N1]
NINTEM.cif,NINTEM,CN=1 [O1]
NIPFUQ.cif,NIPFUQ,CN=1 [N1]; CN=1 [O1]
NIRDOI.cif,NIRDOI,CN=1 [N1]; CN=1 [O1]
NIRZAQ.cif,NIRZAQ,CN=1 [O1]
NISCOJ.cif,NISCOJ,CN=1 [N1]; CN=1 [O1]
NISPEL.cif,NISPEL,CN=1 [O1]
NIWYEZ.cif,NIWYEZ,CN=1 [O1]
NIYZIG.cif,NIYZIG,CN=1 [O1]; CN=3 [O3]
NIZZAY.cif,NIZZAY,CN=1 [N1]
NIZZEC.cif,NIZZEC,CN=1 [N1]
NIZZIG.cif,NIZZIG,CN=1 [N1]
NIZZOM.cif,NIZZOM,CN=1 [N1]
NODTEH.cif,NODTEH,CN=1 [O1]
NODTIL.cif,NODTIL,CN=1 [O1]
NODTOR.cif,NODTOR,CN=1 [O1]
NOMQAJ.cif,NOMQAJ,CN=1 [N1]; CN=1 [O1]
NUBZES.cif,NUBZES,CN=1 [O1]; CN=3 [O3]
NUCBIY.cif,NUCBIY,CN=1 [N1]; CN=1 [O1]
NUCPEI.cif,NUCPEI,CN=1 [O1]
NUFBEX.cif,NUFBEX,CN=1 [O1]
NUFBOH.cif,NUFBOH,CN=1 [O1]
NUGSAM.cif,NUGSAM,CN=1 [O1]
NUGTAN.cif,NUGTAN,CN=1 [N1]; CN=1 [O1]
NUHPAI.cif,NUHPAI,CN=1 [N1]
NUWVIM.cif,NUWVIM,CN=1 [N1]; CN=1 [O1]
OBOGUK.cif,OBOGUK,CN=1 [O1]; CN=3 [O3]
OBOYEN.cif,OBOYEN,CN=1 [O1]
OBUFEX.cif,OBUFEX,CN=1 [N1]; CN=1 [O1]
OBUFIB.cif,OBUFIB,CN=1 [N1]; CN=1 [O1]; CN=3 [O3]
OCOLIF.cif,OCOLIF,CN=1 [O1]
ODIVUU.cif,ODIVUU,CN=1 [N1]; CN=1 [O1]
ODODIW.cif,ODODIW,CN=1 [O1]; CN=3 [O3]
ODODUI.cif,ODODUI,CN=1 [O1]; CN=3 [O3]
ODUNEH.cif,ODUNEH,CN=1 [O1]
OFUYUL.cif,OFUYUL,CN=1 [O1]
OGAGAF.cif,OGAGAF,CN=1 [O1]
OGAGEJ.cif,OGAGEJ,CN=1 [N1]; CN=1 [O1]
OGAGIN.cif,OGAGIN,CN=1 [O1]
OGIBUD.cif,OGIBUD,CN=1 [O1]
OGOWAJ.cif,OGOWAJ,CN=1 [N1]; CN=1 [O1]; CN=3 [O3]
OGUZIA.cif,OGUZIA,CN=1 [O1]
OHEGAJ.cif,OHEGAJ,CN=1 [O1]
OJIWAG.cif,OJIWAG,CN=1 [N1]; CN=1 [O1]
OJIWIO.cif,OJIWIO,CN=1 [N1]; CN=1 [O1]
OKELOH.cif,OKELOH,CN=1 [O1]
OKIMAY.cif,OKIMAY,CN=1 [O1]
OKIQAB.cif,OKIQAB,CN=1 [N1]; CN=1 [O1]
OLEKUM.cif,OLEKUM,CN=1 [O1]
OLELID.cif,OLELID,CN=1 [N1]; CN=1 [O1]
OLOPIQ.cif,OLOPIQ,CN=1 [O1]
OMIPAD.cif,OMIPAD,CN=1 [N1]
OPOBIF.cif,OPOBIF,CN=1 [N1]; CN=1 [O1]
OPUDIN.cif,OPUDIN,CN=1 [O1]
OPUDOT.cif,OPUDOT,CN=1 [O1]
OQOXAV.cif,OQOXAV,CN=1 [F1]; CN=1 [N1]; CN=3 [F1N2]
OREZUI.cif,OREZUI,CN=1 [O1]
ORIBAU.cif,ORIBAU,CN=1 [O1]; CN=3 [O3]
ORIVOC.cif,ORIVOC,CN=1 [O1]; CN=3 [O3]
OSATIO.cif,OSATIO,CN=1 [N1]; CN=1 [O1]; CN=3 [N1O2]
OSIKIL.cif,OSIKIL,CN=1 [N1]
OVICUS.cif,OVICUS,CN=1 [O1]
OWAVIS.cif,OWAVIS,CN=1 [N1]; CN=1 [O1]; CN=3 [N2O1]; CN=3 [O3]
OWAVOY.cif,OWAVOY,CN=1 [N1]; CN=1 [O1]
OWEBEA.cif,OWEBEA,CN=1 [O1]
OWUBUG.cif,OWUBUG,CN=1 [N1]; CN=1 [O1]
OWUCAN.cif,OWUCAN,CN=1 [O1]; CN=3 [O3]
OWUHOF.cif,OWUHOF,CN=1 [N1]; CN=1 [O1]
OXUYOY.cif,OXUYOY,CN=1 [N1]; CN=1 [O1]
OYAPOV.cif,OYAPOV,CN=1 [O1]; CN=3 [N2O1]
OYAPUB.cif,OYAPUB,CN=1 [O1]
OYEBIE.cif,OYEBIE,CN=1 [N1]; CN=1 [O1]
OZAYIZ.cif,OZAYIZ,CN=1 [O1]; CN=3 [O3]
OZIKAM.cif,OZIKAM,CN=1 [N1]; CN=1 [O1]
PACDAC.cif,PACDAC,CN=1 [O1]
PAMHES.cif,PAMHES,CN=1 [O1]
PANYOU.cif,PANYOU,CN=1 [O1]
PARFOG.cif,PARFOG,CN=1 [N1]; CN=1 [O1]
PAYLAG.cif,PAYLAG,CN=1 [O1]; CN=3 [N2O1]; CN=3 [O3]
PEDRIA.cif,PEDRIA,CN=1 [O1]
PEGBAG.cif,PEGBAG,CN=1 [N1]
PEGBUA.cif,PEGBUA,CN=1 [N1]
PEGCAH.cif,PEGCAH,CN=1 [N1]
PEGCEL.cif,PEGCEL,CN=1 [N1]
PEGCIP.cif,PEGCIP,CN=1 [O1]; CN=3 [O3]
PEJNUP.cif,PEJNUP,CN=1 [O1]
PEJPAX.cif,PEJPAX,CN=1 [O1]
PEJPEB.cif,PEJPEB,CN=1 [O1]
PEMRIK.cif,PEMRIK,CN=1 [N1]; CN=1 [O1]
PENNUT.cif,PENNUT,CN=1 [N1]; CN=1 [O1]
PENZUE.cif,PENZUE,CN=1 [N1]; CN=1 [O1]
PEPBAO.cif,PEPBAO,CN=1 [O1]
PEPFAT.cif,PEPFAT,CN=1 [O1]; CN=3 [O1Zn2]
PESSIT.cif,PESSIT,CN=1 [O1]
PEVQIS.cif,PEVQIS,CN=1 [O1]
PEVQOY.cif,PEVQOY,CN=1 [O1]
PEYPAM.cif,PEYPAM,CN=1 [O1]; CN=3 [O3]
PEYPIU.cif,PEYPIU,CN=1 [N1]; CN=1 [O1]
PIBPAS.cif,PIBPAS,CN=1 [O1]
PICTIG.cif,PICTIG,CN=1 [O1]; CN=3 [O3]
PIDMEV.cif,PIDMEV,CN=1 [O1]
PIHNUQ.cif,PIHNUQ,CN=1 [N1]; CN=1 [O1]
PIJJOI.cif,PIJJOI,CN=1 [N1]; CN=1 [O1]
PILPOS.cif,PILPOS,CN=1 [N1]; CN=3 [N3]
PIWLAL.cif,PIWLAL,CN=1 [O1]
PIWLEP.cif,PIWLEP,CN=1 [O1]
PIWSEV.cif,PIWSEV,CN=1 [N1]; CN=1 [O1]
POCRAB.cif,POCRAB,CN=1 [O1]
PODXEN.cif,PODXEN,CN=1 [N1]; CN=1 [O1]; CN=3 [N1O2]
POLYEW.cif,POLYEW,CN=1 [N1]; CN=1 [O1]
POPDUW.cif,POPDUW,CN=1 [N1]; CN=1 [O1]; CN=3 [N1O2]
PORVUO.cif,PORVUO,CN=1 [N1]; CN=1 [O1]
POVGEP.cif,POVGEP,CN=1 [N1]
PULMIU.cif,PULMIU,CN=1 [N1]; CN=1 [O1]
PUMCEI.cif,PUMCEI,CN=1 [N1]; CN=1 [O1]; CN=3 [O3]
PUPNAQ.cif,PUPNAQ,CN=1 [N1]; CN=1 [O1]
PUQHIT.cif,PUQHIT,CN=1 [O1]
PUQXUV.cif,PUQXUV,CN=1 [O1]
PUQYAC.cif,PUQYAC,CN=1 [O1]
PURJES.cif,PURJES,CN=1 [O1]
PURJIW.cif,PURJIW,CN=1 [O1]; CN=3 [O3]
PURQEZ.cif,PURQEZ,CN=1 [O1]
PURSUT.cif,PURSUT,CN=1 [O1]
PUSXIL.cif,PUSXIL,CN=1 [O1]; CN=3 [O3]
PUWCUF.cif,PUWCUF,CN=1 [O1]; CN=3 [O3]
PUWDEQ.cif,PUWDEQ,CN=1 [O1]
PUWDIU.cif,PUWDIU,CN=1 [O1]
PUWDOA.cif,PUWDOA,CN=1 [O1]
PUZKOM.cif,PUZKOM,CN=1 [N1]; CN=1 [O1]
QAQBAO.cif,QAQBAO,CN=1 [O1]; CN=3 [O3]
QAQLIG.cif,QAQLIG,CN=1 [N1]; CN=1 [O1]; CN=3 [N1O2]
QAQSAD.cif,QAQSAD,CN=1 [O1]; CN=3 [O3]
QARQAF.cif,QARQAF,CN=1 [N1]; CN=1 [O1]
QARSOV.cif,QARSOV,CN=1 [N1]; CN=1 [O1]
QARSUB.cif,QARSUB,CN=1 [N1]
QARTAI.cif,QARTAI,CN=1 [N1]; CN=1 [O1]
QAVWAN.cif,QAVWAN,CN=1 [N1]; CN=1 [O1]
QEWSAP.cif,QEWSAP,CN=1 [O1]
QIFLIC.cif,QIFLIC,CN=1 [N1]; CN=1 [O1]
QIVYUR.cif,QIVYUR,CN=1 [N1]; CN=1 [O1]
QOBGEV.cif,QOBGEV,CN=1 [O1]
QOBGIA.cif,QOBGIA,CN=1 [N1]; CN=1 [O1]; CN=3 [N1O2]
QOBGOG.cif,QOBGOG,CN=1 [N1]; CN=1 [O1]
QOBGUM.cif,QOBGUM,CN=1 [N1]; CN=1 [O1]
QOBHAT.cif,QOBHAT,CN=1 [N1]; CN=1 [O1]
QOBHEX.cif,QOBHEX,CN=1 [N1]; CN=1 [O1]
QOBHOH.cif,QOBHOH,CN=1 [N1]; CN=1 [O1]
QOKCID.cif,QOKCID,CN=1 [O1]
QOMFEE.cif,QOMFEE,CN=1 [O1]
QOPZIF.cif,QOPZIF,CN=1 [O1]
QOYYOU.cif,QOYYOU,CN=1 [O1]; CN=3 [O3]
QOZDOY.cif,QOZDOY,CN=1 [N1]; CN=1 [O1]
QOZPOM.cif,QOZPOM,CN=1 [N1]; CN=3 [N1O2]
QUDGED.cif,QUDGED,CN=1 [O1]; CN=3 [N2O1]
QUGHUY.cif,QUGHUY,CN=1 [N1]; CN=1 [O1]
QUGTIY.cif,QUGTIY,CN=1 [N1]; CN=1 [O1]
QUPHUF.cif,QUPHUF,CN=1 [N1]; CN=1 [O1]
QUQHEQ.cif,QUQHEQ,CN=1 [N1]; CN=1 [O1]
QUQWOQ.cif,QUQWOQ,CN=1 [N1]; CN=1 [O1]
QUQWUW.cif,QUQWUW,CN=1 [N1]; CN=1 [O1]
QUSBIP.cif,QUSBIP,CN=1 [O1]
QUSSII.cif,QUSSII,CN=1 [N1]; CN=1 [O1]
QUSSOO.cif,QUSSOO,CN=1 [N1]; CN=1 [O1]
RACZIG.cif,RACZIG,CN=1 [N1]; CN=1 [O1]
RAKCUC.cif,RAKCUC,CN=1 [N1]
RAKDAJ.cif,RAKDAJ,CN=1 [N1]
RAKDEN.cif,RAKDEN,CN=1 [N1]
RAMWOV.cif,RAMWOV,CN=1 [O1]
RAQVEM.cif,RAQVEM,CN=1 [N1]; CN=1 [O1]
RAWPIP.cif,RAWPIP,CN=1 [N1]
RAWZIB.cif,RAWZIB,CN=1 [N1]; CN=1 [O1]; CN=3 [O3]
RAXCAW.cif,RAXCAW,CN=1 [O1]
RAXCEA.cif,RAXCEA,CN=1 [O1]
REBCAE.cif,REBCAE,CN=1 [O1]; CN=3 [O3]
REDROI.cif,REDROI,CN=1 [O1]
REDYEG.cif,REDYEG,CN=1 [F1]; CN=3 [F2O1]; CN=3 [F3]
REFMEW.cif,REFMEW,CN=1 [O1]
REGREC.cif,REGREC,CN=1 [O1]; CN=3 [O3]
REGRIG.cif,REGRIG,CN=1 [O1]; CN=3 [O3]
RELLAW.cif,RELLAW,CN=1 [N1]; CN=1 [O1]
RETBEZ.cif,RETBEZ,CN=1 [N1]; CN=1 [O1]
REXCII.cif,REXCII,CN=1 [N1]
REXCOO.cif,REXCOO,CN=1 [N1]
REXCUU.cif,REXCUU,CN=1 [N1]
REXDAB.cif,REXDAB,CN=1 [N1]
REXDIJ.cif,REXDIJ,CN=1 [N1]
REXDOP.cif,REXDOP,CN=1 [N1]
REXDUV.cif,REXDUV,CN=1 [N1]
REXFAD.cif,REXFAD,CN=1 [N1]
REXFEH.cif,REXFEH,CN=1 [N1]
REXFOR.cif,REXFOR,CN=1 [N1]
REXFUX.cif,REXFUX,CN=1 [N1]
REYBAA.cif,REYBAA,CN=1 [N1]; CN=1 [O1]
REYCOP.cif,REYCOP,CN=1 [N1]; CN=1 [O1]
REYPIW.cif,REYPIW,CN=1 [N1]
RIFDUG.cif,RIFDUG,CN=1 [O1]
RIGTIL.cif,RIGTIL,CN=1 [O1]
RIPNIP.cif,RIPNIP,CN=1 [O1]
RIPNUB.cif,RIPNUB,CN=1 [N1]
RIPPEN.cif,RIPPEN,CN=1 [N1]
RISJIQ.cif,RISJIQ,CN=1 [O1]
RIYBAE.cif,RIYBAE,CN=1 [N1]
RIYBEI.cif,RIYBEI,CN=1 [N1]
RIYBIM.cif,RIYBIM,CN=1 [N1]
RIYBOS.cif,RIYBOS,CN=1 [N1]
ROLKIP.cif,ROLKIP,CN=1 [N1]; CN=3 [N3]
ROMQAN.cif,ROMQAN,CN=1 [O1]; CN=3 [O3]
ROMQER.cif,ROMQER,CN=1 [O1]; CN=3 [O3]
ROQVIE.cif,ROQVIE,CN=1 [N1]
RUBBOH.cif,RUBBOH,CN=1 [O1]
RUFRIV.cif,RUFRIV,CN=1 [O1]
RUGKOV.cif,RUGKOV,CN=1 [N1]; CN=3 [N3]
RUGXOI.cif,RUGXOI,CN=1 [O1]
RUGZAW.cif,RUGZAW,CN=1 [N1]; CN=1 [O1]; CN=3 [N2O1]
RUMRUO.cif,RUMRUO,CN=1 [F1]; CN=1 [N1]
RUMWUS.cif,RUMWUS,CN=1 [O1]
RUNXUV.cif,RUNXUV,CN=1 [O1]
RUPVAB.cif,RUPVAB,CN=1 [O1]
RURQEB.cif,RURQEB,CN=1 [N1]; CN=1 [O1]
RUSBEP.cif,RUSBEP,CN=1 [O1]
RUWRIN.cif,RUWRIN,CN=1 [O1]; CN=3 [O3]
RUYGEZ.cif,RUYGEZ,CN=1 [O1]
RUYHAX.cif,RUYHAX,CN=1 [O1]; CN=3 [O3]
SACDOR.cif,SACDOR,CN=1 [N1]
SACDUX.cif,SACDUX,CN=1 [N1]
SAKRAZ.cif,SAKRAZ,CN=1 [O1]
SAKRED.cif,SAKRED,CN=1 [O1]
SARNOQ.cif,SARNOQ,CN=1 [N1]
SEFLAT.cif,SEFLAT,CN=1 [N1]
SEFTUU.cif,SEFTUU,CN=1 [N1]
SEFVAC.cif,SEFVAC,CN=1 [N1]
SEFVEG.cif,SEFVEG,CN=1 [N1]
SEFVUW.cif,SEFVUW,CN=1 [N1]
SEFWAD.cif,SEFWAD,CN=1 [N1]
SEFWEH.cif,SEFWEH,CN=1 [N1]
SEFWOR.cif,SEFWOR,CN=1 [N1]
SEKNAA.cif,SEKNAA,CN=1 [O1]; CN=3 [O3]
SENWAL.cif,SENWAL,CN=1 [O1]
SERCEA.cif,SERCEA,CN=1 [O1]
SETGUW.cif,SETGUW,CN=1 [N1]; CN=1 [O1]
SETHAD.cif,SETHAD,CN=1 [N1]; CN=1 [O1]
SIMGEE.cif,SIMGEE,CN=1 [N1]; CN=1 [O1]
SIQTEU.cif,SIQTEU,CN=1 [N1]; CN=1 [O1]; CN=3 [O3]
SITDEH.cif,SITDEH,CN=1 [O1]
SITTUM.cif,SITTUM,CN=1 [O1]; CN=3 [N1O2]; CN=3 [O3]
SIVGIP.cif,SIVGIP,CN=1 [N1]
SIVGOV.cif,SIVGOV,CN=1 [N1]
SIVGUB.cif,SIVGUB,CN=1 [O1]
SIWQIA.cif,SIWQIA,CN=1 [O1]
SOCNEG.cif,SOCNEG,CN=1 [N1]
SOCNUW.cif,SOCNUW,CN=1 [N1]
SOFKOQ.cif,SOFKOQ,CN=1 [N1]; CN=1 [O1]
SOHMEI.cif,SOHMEI,CN=1 [N1]
SOHMIM.cif,SOHMIM,CN=1 [N1]
SOHMUY.cif,SOHMUY,CN=1 [N1]
SOHNAF.cif,SOHNAF,CN=1 [N1]
SOHNEJ.cif,SOHNEJ,CN=1 [N1]
SOHNIN.cif,SOHNIN,CN=1 [N1]
SOKCOM.cif,SOKCOM,CN=1 [N1]; CN=1 [O1]; CN=3 [N1O2]
SOMCON.cif,SOMCON,CN=1 [N1]
SOMPES.cif,SOMPES,CN=1 [N1]
SOPLAM.cif,SOPLAM,CN=1 [N1]; CN=1 [O1]
SOPLEQ.cif,SOPLEQ,CN=1 [N1]; CN=1 [O1]
SOPLOA.cif,SOPLOA,CN=1 [N1]; CN=1 [O1]
SOYZUE.cif,SOYZUE,CN=1 [N1]; CN=1 [O1]
SUFJIO.cif,SUFJIO,CN=1 [N1]
SUFJOU.cif,SUFJOU,CN=1 [N1]
SUFZAX.cif,SUFZAX,CN=1 [N1]; CN=1 [O1]
SUFZEB.cif,SUFZEB,CN=1 [N1]; CN=1 [O1]
SUGDIJ.cif,SUGDIJ,CN=1 [O1]
SUJQOE.cif,SUJQOE,CN=1 [N1]; CN=1 [O1]
SUJREV.cif,SUJREV,CN=1 [N1]; CN=1 [O1]
SUJRIZ.cif,SUJRIZ,CN=1 [N1]; CN=1 [O1]
SUPLOF.cif,SUPLOF,CN=1 [N1]; CN=1 [O1]
TACPAP.cif,TACPAP,CN=1 [O1]; CN=3 [O3]
TACPET.cif,TACPET,CN=1 [O1]; CN=3 [O3]
TACPIX.cif,TACPIX,CN=1 [O1]; CN=3 [O3]
TADCUA.cif,TADCUA,CN=1 [N1]; CN=1 [O1]
TADWEC.cif,TADWEC,CN=1 [O1]; CN=3 [O3]
TADWIG.cif,TADWIG,CN=1 [O1]; CN=3 [O3]
TAKZEN.cif,TAKZEN,CN=1 [N1]; CN=1 [O1]
TANNUT.cif,TANNUT,CN=1 [N1]; CN=1 [O1]
TAPHOJ.cif,TAPHOJ,CN=1 [N1]; CN=1 [O1]
TASYAR.cif,TASYAR,CN=1 [N1]
TATPOV.cif,TATPOV,CN=1 [O1]
TATZIA.cif,TATZIA,CN=1 [N1]; CN=1 [O1]
TAVCIF.cif,TAVCIF,CN=1 [N1]; CN=1 [O1]
TEBSAW.cif,TEBSAW,CN=1 [N1]
TEDSIG.cif,TEDSIG,CN=1 [N1]; CN=1 [O1]
TEMPAE.cif,TEMPAE,CN=1 [O1]
TENLAC.cif,TENLAC,CN=1 [N1]; CN=3 [Cl1N2]
TENLIJ.cif,TENLIJ,CN=1 [N1]; CN=1 [O1]; CN=3 [N1O2]
TENMAE.cif,TENMAE,CN=1 [N1]; CN=1 [O1]
TEQPAI.cif,TEQPAI,CN=1 [O1]
TERFED.cif,TERFED,CN=1 [O1]; CN=3 [O3]
TERNOW.cif,TERNOW,CN=1 [N1]
TERNUC.cif,TERNUC,CN=1 [N1]
TERPAK.cif,TERPAK,CN=1 [N1]
TERPEO.cif,TERPEO,CN=1 [N1]
TESGOO.cif,TESGOO,CN=1 [O1]; CN=3 [O3]
TESGUU.cif,TESGUU,CN=1 [O1]; CN=3 [O3]
TESHAB.cif,TESHAB,CN=1 [O1]; CN=3 [O3]
TETYAV.cif,TETYAV,CN=1 [O1]; CN=3 [O3]
TEVZEA.cif,TEVZEA,CN=1 [O1]; CN=3 [O3]
TEVZIE.cif,TEVZIE,CN=1 [O1]; CN=3 [O3]
TEVZOK.cif,TEVZOK,CN=1 [O1]; CN=3 [O3]
TEVZUQ.cif,TEVZUQ,CN=1 [O1]; CN=3 [O3]
TEZKAM.cif,TEZKAM,CN=1 [N1]; CN=1 [O1]
TIFQUX.cif,TIFQUX,CN=1 [O1]
TIGSOT.cif,TIGSOT,CN=1 [O1]
TIGVUC.cif,TIGVUC,CN=1 [N1]; CN=1 [O1]
TIRLIQ.cif,TIRLIQ,CN=1 [O1]; CN=3 [O3]
TIRQOB.cif,TIRQOB,CN=1 [O1]; CN=3 [O3]
TISKOW.cif,TISKOW,CN=1 [N1]; CN=1 [O1]; CN=3 [N3]; CN=3 [O3]
TISNEQ.cif,TISNEQ,CN=1 [N1]; CN=1 [O1]
TOHYUM.cif,TOHYUM,CN=1 [O1]; CN=3 [O3]
TONQOD.cif,TONQOD,CN=1 [O1]
TONWUO.cif,TONWUO,CN=1 [O1]
TOTWAC.cif,TOTWAC,CN=1 [N1]; CN=1 [O1]
TOXHAR.cif,TOXHAR,CN=1 [O1]
TUMDAI.cif,TUMDAI,CN=1 [N1]; CN=1 [O1]
TUMQOJ.cif,TUMQOJ,CN=1 [N1]; CN=1 [O1]
TUMREA.cif,TUMREA,CN=1 [N1]; CN=1 [O1]
TUVDAS.cif,TUVDAS,CN=1 [N1]; CN=1 [O1]
TUXYOD.cif,TUXYOD,CN=1 [N1]; CN=1 [O1]
UBULIO.cif,UBULIO,CN=1 [O1]
UBULUA.cif,UBULUA,CN=1 [N1]
UCOHUR.cif,UCOHUR,CN=1 [N1]
UCOJAZ.cif,UCOJAZ,CN=1 [N1]
UCOJED.cif,UCOJED,CN=1 [N1]
UCOJIH.cif,UCOJIH,CN=1 [N1]
UDOVUG.cif,UDOVUG,CN=1 [O1]
UGUQOC.cif,UGUQOC,CN=1 [O1]
UHOMEL.cif,UHOMEL,CN=1 [N1]; CN=1 [O1]
UKAJOH.cif,UKAJOH,CN=1 [N1]
UKUTEB.cif,UKUTEB,CN=1 [N1]; CN=1 [O1]
ULEPIM.cif,ULEPIM,CN=1 [N1]
ULISOZ.cif,ULISOZ,CN=1 [O1]
ULOKAJ.cif,ULOKAJ,CN=1 [N1]
ULOLEO.cif,ULOLEO,CN=1 [N1]
ULOLIS.cif,ULOLIS,CN=1 [N1]
ULOLUE.cif,ULOLUE,CN=1 [N1]
ULOMAL.cif,ULOMAL,CN=1 [N1]
ULUVUT.cif,ULUVUT,CN=1 [N1]
UMEDEX.cif,UMEDEX,CN=1 [N1]
UMEDIB.cif,UMEDIB,CN=1 [N1]
UMEKII.cif,UMEKII,CN=1 [N1]; CN=1 [O1]
UMEXUF.cif,UMEXUF,CN=1 [O1]; CN=3 [O3]
UNAGOH.cif,UNAGOH,CN=1 [O1]
UNAGUN.cif,UNAGUN,CN=1 [O1]
UQETUI.cif,UQETUI,CN=1 [N1]; CN=1 [O1]
UQEVIY.cif,UQEVIY,CN=1 [N1]; CN=1 [O1]
UQEVUK.cif,UQEVUK,CN=1 [N1]; CN=1 [O1]
UQOYOP.cif,UQOYOP,CN=1 [N1]
URENEM.cif,URENEM,CN=1 [O1]
USORUR.cif,USORUR,CN=1 [O1]
USUBUG.cif,USUBUG,CN=1 [N1]
UTUMAY.cif,UTUMAY,CN=1 [N1]; CN=1 [O1]
UVARIT.cif,UVARIT,CN=1 [N1]; CN=1 [O1]
UVAROZ.cif,UVAROZ,CN=1 [N1]
UVARUF.cif,UVARUF,CN=1 [N1]; CN=1 [O1]
UVASAM.cif,UVASAM,CN=1 [N1]
UVUDUM.cif,UVUDUM,CN=1 [O1]
UVUFUN.cif,UVUFUN,CN=1 [O1]; CN=3 [N3]; CN=3 [O3]
UVUQAE.cif,UVUQAE,CN=1 [N1]; CN=1 [O1]
UWELIS.cif,UWELIS,CN=1 [N1]
UWUTIQ.cif,UWUTIQ,CN=1 [O1]
UXUZAP.cif,UXUZAP,CN=1 [N1]; CN=1 [O1]
UZAJIR.cif,UZAJIR,CN=1 [N1]; CN=1 [O1]
UZIGOB.cif,UZIGOB,CN=1 [N1]; CN=1 [O1]
VACFUB.cif,VACFUB,CN=1 [N1]; CN=1 [O1]
VAGJET.cif,VAGJET,CN=1 [O1]; CN=3 [O3]
VAGMAT.cif,VAGMAT,CN=1 [O1]
VAGMEX.cif,VAGMEX,CN=1 [O1]
VAGTUU.cif,VAGTUU,CN=1 [O1]; CN=3 [O3]
VAJHIA.cif,VAJHIA,CN=1 [N1]
VAJTEH.cif,VAJTEH,CN=1 [N1]; CN=1 [O1]
VANHEA.cif,VANHEA,CN=1 [O1]; CN=3 [O3]
VARKOS.cif,VARKOS,CN=1 [N1]; CN=1 [O1]
VAZHEM.cif,VAZHEM,CN=1 [N1]; CN=1 [O1]
VAZHOW.cif,VAZHOW,CN=1 [N1]; CN=1 [O1]
VAZTOG.cif,VAZTOG,CN=1 [O1]
VAZTUM.cif,VAZTUM,CN=1 [O1]
VEBHUG.cif,VEBHUG,CN=1 [O1]
VEGGOG.cif,VEGGOG,CN=1 [N1]; CN=1 [O1]
VEGGUM.cif,VEGGUM,CN=1 [N1]; CN=1 [O1]
VEGMOK.cif,VEGMOK,CN=1 [O1]; CN=3 [O3]
VEHDOE.cif,VEHDOE,CN=1 [O1]
VEHJID.cif,VEHJID,CN=1 [O1]; CN=3 [O3]
VEHKAW.cif,VEHKAW,CN=1 [O1]
VEHKIE.cif,VEHKIE,CN=1 [O1]
VEJYIT.cif,VEJYIT,CN=1 [N1]
VEJYOZ.cif,VEJYOZ,CN=1 [N1]
VEJYUF.cif,VEJYUF,CN=1 [N1]
VEKPOT.cif,VEKPOT,CN=1 [N1]; CN=1 [O1]
VELVIS.cif,VELVIS,CN=1 [N1]
VEMDAT.cif,VEMDAT,CN=1 [N1]; CN=1 [O1]
VIBCER.cif,VIBCER,CN=1 [N1]; CN=1 [O1]
VIGFAW.cif,VIGFAW,CN=1 [O1]
VIHFOK.cif,VIHFOK,CN=1 [O1]
VIQZEE.cif,VIQZEE,CN=1 [N1]
VIRXIF.cif,VIRXIF,CN=1 [N1]
VISSID.cif,VISSID,CN=1 [O1]
VITTUR.cif,VITTUR,CN=1 [N1]; CN=3 [N3]
VIVXOP.cif,VIVXOP,CN=1 [N1]; CN=1 [O1]
VIWZOR.cif,VIWZOR,CN=1 [O1]
VIXTUT.cif,VIXTUT,CN=1 [N1]; CN=1 [O1]
VIXVUV.cif,VIXVUV,CN=1 [N1]; CN=1 [O1]
VIYZIO.cif,VIYZIO,CN=1 [N1]; CN=1 [O1]
VIZSUU.cif,VIZSUU,CN=1 [N1]
VOJGOS.cif,VOJGOS,CN=1 [N1]; CN=1 [O1]
VOLQOD.cif,VOLQOD,CN=1 [O1]
VONDEJ.cif,VONDEJ,CN=1 [O1]
VOZVAJ.cif,VOZVAJ,CN=1 [N1]
VOZVIR.cif,VOZVIR,CN=1 [N1]
VUDPIW.cif,VUDPIW,CN=1 [O1]; CN=3 [N1O2]
VUDPOC.cif,VUDPOC,CN=1 [O1]; CN=3 [N1O2]
VUDPUI.cif,VUDPUI,CN=1 [O1]; CN=3 [N1O2]
VUDQET.cif,VUDQET,CN=1 [O1]; CN=3 [N1O2]
VUDXAW.cif,VUDXAW,CN=1 [O1]; CN=3 [N1O2]
VUHNET.cif,VUHNET,CN=1 [N1]
VUKSOL.cif,VUKSOL,CN=1 [O1]
VUQQAC.cif,VUQQAC,CN=1 [N1]; CN=1 [O1]
VUQQEG.cif,VUQQEG,CN=1 [O1]
VUQQIK.cif,VUQQIK,CN=1 [N1]; CN=1 [O1]; CN=3 [N1O2]
VURNED.cif,VURNED,CN=1 [N1]; CN=1 [O1]
WAFKAQ.cif,WAFKAQ,CN=1 [N1]; CN=1 [O1]
WAFKIY.cif,WAFKIY,CN=1 [N1]; CN=1 [O1]
WALBOC.cif,WALBOC,CN=1 [N1]
WALCET.cif,WALCET,CN=1 [N1]
WAQFIG.cif,WAQFIG,CN=1 [O1]; CN=3 [O3]
WAWGOQ.cif,WAWGOQ,CN=1 [O1]
WEBREC.cif,WEBREC,CN=1 [N1]; CN=1 [O1]
WECBAJ.cif,WECBAJ,CN=1 [N1]; CN=1 [O1]
WEHHIC.cif,WEHHIC,CN=1 [O1]
WEHHOI.cif,WEHHOI,CN=1 [O1]
WEHHUO.cif,WEHHUO,CN=1 [O1]
WEHJAW.cif,WEHJAW,CN=1 [O1]
WEHJOK.cif,WEHJOK,CN=1 [O1]; CN=3 [O3]
WEMNAF.cif,WEMNAF,CN=1 [N1]; CN=1 [O1]
WEMVUI.cif,WEMVUI,CN=1 [N1]; CN=1 [O1]
WEPRER.cif,WEPRER,CN=1 [O1]
WETDUX.cif,WETDUX,CN=1 [O1]
WEVDUA.cif,WEVDUA,CN=1 [N1]; CN=1 [O1]; CN=3 [N1O2]
WEVGAJ.cif,WEVGAJ,CN=1 [O1]; CN=3 [N1O2]
WEVGEN.cif,WEVGEN,CN=1 [O1]; CN=3 [N1O2]
WEVPUM.cif,WEVPUM,CN=1 [N1]; CN=1 [O1]; CN=3 [N1O2]
WEVQAT.cif,WEVQAT,CN=1 [N1]; CN=1 [O1]
WEXWAA.cif,WEXWAA,CN=1 [O1]; CN=3 [O3]
WEXWEE.cif,WEXWEE,CN=1 [O1]; CN=3 [O3]
WIHWAN.cif,WIHWAN,CN=1 [N1]; CN=1 [O1]
WIJDAV.cif,WIJDAV,CN=1 [O1]
WIJXEU.cif,WIJXEU,CN=1 [O1]
WIJXIY.cif,WIJXIY,CN=1 [O1]; CN=3 [O3]
WILHIK.cif,WILHIK,CN=1 [O1]; CN=3 [O3]
WINJAI.cif,WINJAI,CN=1 [N1]
WISTID.cif,WISTID,CN=1 [O1]
WIYCAL.cif,WIYCAL,CN=1 [O1]
WIYFAM.cif,WIYFAM,CN=1 [N1]; CN=1 [O1]
WIZDEP.cif,WIZDEP,CN=1 [O1]; CN=3 [O3]
WOBHEB.cif,WOBHEB,CN=1 [O1]; CN=3 [O3]
WOBHOL.cif,WOBHOL,CN=1 [O1]; CN=3 [O3]
WOBHOM.cif,WOBHOM,CN=1 [O1]
WONZIJ.cif,WONZIJ,CN=1 [F1]; CN=1 [N1]
WONZOP.cif,WONZOP,CN=1 [F1]; CN=1 [N1]
WOPHIU.cif,WOPHIU,CN=1 [N1]; CN=1 [O1]
WORKUL.cif,WORKUL,CN=1 [O1]
WORSUT.cif,WORSUT,CN=1 [N1]; CN=1 [O1]
WOSZEL.cif,WOSZEL,CN=1 [O1]
WOVCOC.cif,WOVCOC,CN=1 [N1]; CN=3 [N3]
WOWGUK.cif,WOWGUK,CN=1 [O1]; CN=3 [O3]
WOYJAX.cif,WOYJAX,CN=1 [O1]
WOYJEB.cif,WOYJEB,CN=1 [O1]
WUJWIK.cif,WUJWIK,CN=1 [N1]; CN=1 [O1]
WULQUR.cif,WULQUR,CN=1 [O1]
WUPZOY.cif,WUPZOY,CN=1 [O1]; CN=3 [O3]
XACFAJ.cif,XACFAJ,CN=1 [O1]; CN=1 [P1]
XAFFAN.cif,XAFFAN,CN=1 [O1]
XAFFER.cif,XAFFER,CN=1 [O1]
XAGDAL.cif,XAGDAL,CN=1 [O1]; CN=3 [O3]
XAKCEV.cif,XAKCEV,CN=1 [N1]; CN=1 [O1]
XAKCIZ.cif,XAKCIZ,CN=1 [N1]
XAKGOJ.cif,XAKGOJ,CN=1 [O1]
XALDAS.cif,XALDAS,CN=1 [O1]
XAPCOH.cif,XAPCOH,CN=1 [N1]
XAPCUN.cif,XAPCUN,CN=1 [N1]
XAPDAU.cif,XAPDAU,CN=1 [N1]
XAPDEY.cif,XAPDEY,CN=1 [N1]
XAPNIN.cif,XAPNIN,CN=1 [O1]
XASNUD.cif,XASNUD,CN=1 [O1]
XASPEP.cif,XASPEP,CN=1 [O1]; CN=3 [O3]
XATDIJ.cif,XATDIJ,CN=1 [O1]; CN=3 [O3]
XATZOK.cif,XATZOK,CN=1 [N1]; CN=1 [O1]
XAWDOR.cif,XAWDOR,CN=1 [O1]
XECBUD.cif,XECBUD,CN=1 [N1]
XEDPED.cif,XEDPED,CN=1 [N1]
XEDPIH.cif,XEDPIH,CN=1 [N1]
XEDPON.cif,XEDPON,CN=1 [N1]; CN=3 [N3]
XEKKAC.cif,XEKKAC,CN=1 [N1]
XEKYUK.cif,XEKYUK,CN=1 [N1]; CN=1 [O1]
XELLOT.cif,XELLOT,CN=1 [O1]; CN=3 [O3]
XENDIH.cif,XENDIH,CN=1 [N1]; CN=1 [O1]
XENMIO.cif,XENMIO,CN=1 [O1]; CN=3 [O3]
XENMOU.cif,XENMOU,CN=1 [O1]; CN=3 [O3]
XEXLIX.cif,XEXLIX,CN=1 [O1]
XEXLOD.cif,XEXLOD,CN=1 [O1]
XEXLUJ.cif,XEXLUJ,CN=1 [O1]
XEXMAQ.cif,XEXMAQ,CN=1 [O1]
XEXMEU.cif,XEXMEU,CN=1 [O1]
XEZNEY.cif,XEZNEY,CN=1 [N1]; CN=3 [N3]
XICTAH.cif,XICTAH,CN=1 [N1]; CN=1 [O1]
XIDBUJ.cif,XIDBUJ,CN=1 [N1]
XIGHAX.cif,XIGHAX,CN=1 [N1]
XIGHEB.cif,XIGHEB,CN=1 [N1]
XIGHIF.cif,XIGHIF,CN=1 [N1]
XILLEL.cif,XILLEL,CN=1 [N1]
XILLIP.cif,XILLIP,CN=1 [N1]
XIMPOA.cif,XIMPOA,CN=1 [N1]; CN=1 [O1]
XINFUW.cif,XINFUW,CN=1 [O1]
XINWUO.cif,XINWUO,CN=1 [N1]; CN=3 [N3]
XIZJEW.cif,XIZJEW,CN=1 [O1]
XOJWID.cif,XOJWID,CN=1 [O1]
XOJWOJ.cif,XOJWOJ,CN=1 [O1]
XOKHAH.cif,XOKHAH,CN=1 [O1]; CN=3 [O3]
XOLCEJ.cif,XOLCEJ,CN=1 [O1]
XOMCUZ.cif,XOMCUZ,CN=1 [N1]; CN=1 [O1]
XOQXEH.cif,XOQXEH,CN=1 [O1]; CN=3 [O3]
XOQXIL.cif,XOQXIL,CN=1 [O1]
XOQXOR.cif,XOQXOR,CN=1 [O1]
XOSQUR.cif,XOSQUR,CN=1 [O1]
XULRIH.cif,XULRIH,CN=1 [O1]; CN=3 [N1O2]
XUQYEQ.cif,XUQYEQ,CN=1 [O1]
XUVHEB.cif,XUVHEB,CN=1 [N1]; CN=1 [O1]
XUXPUD.cif,XUXPUD,CN=1 [O1]; CN=3 [O3]
XUYXAR.cif,XUYXAR,CN=1 [O1]
YALTIS.cif,YALTIS,CN=1 [N1]; CN=1 [O1]
YALTOY.cif,YALTOY,CN=1 [N1]; CN=1 [O1]
YAPVAQ.cif,YAPVAQ,CN=1 [O1]; CN=3 [O3]
YAPXIX.cif,YAPXIX,CN=1 [O1]
YARDEC.cif,YARDEC,CN=1 [N1]; CN=1 [O1]
YARGAB.cif,YARGAB,CN=1 [O1]
YARKAF.cif,YARKAF,CN=1 [N1]; CN=1 [O1]; CN=3 [N1O2]
YARKEJ.cif,YARKEJ,CN=1 [N1]; CN=1 [O1]
YARSAN.cif,YARSAN,CN=1 [N1]; CN=1 [O1]
YARSIV.cif,YARSIV,CN=1 [N1]; CN=3 [O3]
YASLOW.cif,YASLOW,CN=1 [N1]; CN=1 [O1]
YASPEP.cif,YASPEP,CN=1 [N1]; CN=1 [O1]
YASVUM.cif,YASVUM,CN=1 [O1]
YAVZUT.cif,YAVZUT,CN=1 [O1]
YAXHAK.cif,YAXHAK,CN=1 [O1]; CN=3 [O3]
YECBAN.cif,YECBAN,CN=1 [O1]
YEKQOW.cif,YEKQOW,CN=1 [O1]
YENVAR.cif,YENVAR,CN=1 [N1]; CN=1 [O1]
YEPLEN.cif,YEPLEN,CN=1 [O1]
YEPLIR.cif,YEPLIR,CN=1 [N1]
YEXLAR.cif,YEXLAR,CN=1 [N1]
YEZFIU.cif,YEZFIU,CN=1 [N1]
YIBMON.cif,YIBMON,CN=1 [O1]
YIKLUZ.cif,YIKLUZ,CN=1 [O1]
YIWBIR.cif,YIWBIR,CN=1 [N1]; CN=1 [O1]
YOCGAZ.cif,YOCGAZ,CN=1 [O1]
YOGKOW.cif,YOGKOW,CN=1 [O1]
YONNUL.cif,YONNUL,CN=1 [N1]; CN=1 [O1]
YORQII.cif,YORQII,CN=1 [N1]; CN=1 [O1]
YOVCAP.cif,YOVCAP,CN=1 [O1]
YOYBUL.cif,YOYBUL,CN=1 [N1]; CN=1 [O1]
YOZBUL.cif,YOZBUL,CN=1 [N1]
YOZQAG.cif,YOZQAG,CN=1 [O1]
YOZQEK.cif,YOZQEK,CN=1 [O1]
YOZYOD.cif,YOZYOD,CN=1 [O1]
YUJCOX.cif,YUJCOX,CN=1 [O1]; CN=3 [O3]
YUSGID.cif,YUSGID,CN=1 [N1]; CN=1 [O1]
YUSGOJ.cif,YUSGOJ,CN=1 [O1]; CN=3 [O3]
YUZBIG.cif,YUZBIG,CN=1 [N1]
YUZCAZ.cif,YUZCAZ,CN=1 [N1]
YUZPEQ.cif,YUZPEQ,CN=3 [O2Zn1]
YUZPIU.cif,YUZPIU,CN=3 [O2Zn1]
YUZPOA.cif,YUZPOA,CN=3 [O2Zn1]
YUZXAT.cif,YUZXAT,CN=1 [N1]; CN=1 [O1]
ZARMAI.cif,ZARMAI,CN=1 [O1]
ZARZAV.cif,ZARZAV,CN=1 [N1]; CN=1 [O1]
ZAWBUX.cif,ZAWBUX,CN=1 [N1]
ZAWCAE.cif,ZAWCAE,CN=1 [N1]
ZAWCEI.cif,ZAWCEI,CN=1 [N1]
ZEDROR.cif,ZEDROR,CN=1 [N1]; CN=1 [O1]
ZEHWIW.cif,ZEHWIW,CN=1 [O1]; CN=3 [O3]
ZEJFAY.cif,ZEJFAY,CN=1 [O1]; CN=3 [O3]
ZEKCEA.cif,ZEKCEA,CN=1 [N1]
ZEKCIE.cif,ZEKCIE,CN=1 [N1]; CN=1 [O1]
ZEKNUB.cif,ZEKNUB,CN=1 [N1]; CN=1 [O1]
ZELROZ.cif,ZELROZ,CN=1 [O1]
ZEPDOQ.cif,ZEPDOQ,CN=1 [N1]; CN=3 [N3]
ZEQQEU.cif,ZEQQEU,CN=1 [N1]; CN=1 [O1]
ZETLER.cif,ZETLER,CN=1 [N1]; CN=1 [O1]
ZEXTEF.cif,ZEXTEF,CN=1 [N1]
ZEYRED.cif,ZEYRED,CN=1 [O1]
ZIKCED.cif,ZIKCED,CN=1 [O1]; CN=3 [O3]
ZILBUT.cif,ZILBUT,CN=1 [O1]
ZIQYUX.cif,ZIQYUX,CN=1 [N1]
ZIQZAE.cif,ZIQZAE,CN=1 [N1]
ZIWLUO.cif,ZIWLUO,CN=1 [N1]; CN=1 [O1]
ZOMNOG.cif,ZOMNOG,CN=1 [N1]; CN=1 [O1]
ZUFGUF.cif,ZUFGUF,CN=1 [N1]; CN=1 [O1]
ZUKVEJ.cif,ZUKVEJ,CN=1 [N1]; CN=1 [O1]
ZUSBIA.cif,ZUSBIA,CN=1 [N1]
ZUSBOG.cif,ZUSBOG,CN=1 [N1]; CN=1 [O1]
